employee_id,employee_name,age,gender,department_id,job_title,hire_date,salary,manager_id,location,performance_score,certifications,experience_years,shift,remarks,Bonus_Eligibility,Commute_Distance _miles,Mixed Data
100,Manikya Lall,29,Male,Dpt003,Data Analyst,2021-11-02,124717,110,Jalna,Average,itil certified,10,Day,Quick Learner,True,11,2
105,Ayesha Chauhan,29,Female,Dpt004,Developer,2021-07-13,98449,105,Sambhal,Excellent,itil certified,9,Night,Team Leader,False,42,b
108,Saanvi Sood,42,Female,Dpt002,Developer,2015-01-04,130925,110,Korba,Good,itil certified,7,Day,Promoted Recently,False,32,1
111,Hiran Sidhu,54,Female,Dpt002,Data Analyst,2019-01-25,116058,106,Bhubaneswar,Excellent,aws certified,17,Night,Quick Learner,True,9,a
117,Drishya Tank,28,Female,Dpt003,IT Manager,2023-05-30,65481,108,Rampur,Good,ccna,13,Day,Flexible Worker,False,40,a
122,Anya Dhar,49,Male,Dpt001,IT Manager,2018-04-17,101166,109,Sangli-Miraj & Kupwad,Average,aws certified,23,Day,Team Leader,True,42,1
127,Vritika Sachdev,42,Female,Dpt001,Developer,2017-02-15,121742,105,Kolkata,Good,itil certified,17,Night,Promoted Recently,False,1,2
132,Mohanlal Kumar,48,Male,Dpt002,IT Manager,2023-06-24,37310,100,Bhagalpur,Average,azure certified,15,Day,Promoted Recently,False,1,c
137,Armaan Issac,57,Female,Dpt003,Network Lead,2020-06-07,61179,107,Mathura,Excellent,aws certified,18,Day,Promoted Recently,False,7,c
142,Lavanya Kari,50,Male,Dpt004,Network Lead,2024-02-18,64648,108,Dhule,Average,aws certified,8,Night,Flexible Worker,False,34,b
143,Dharmajan Lal,35,Female,Dpt004,Network Lead,2015-12-22,141464,108,Salem,Excellent,azure certified,20,Night,Needs Improvement,True,7,a
145,Nakul Bhatti,30,Male,Dpt003,Developer,2024-09-13,72869,105,Karawal Nagar,Excellent,ccna,30,Day,Flexible Worker,True,21,c
146,Urvi Handa,34,Male,Dpt004,Developer,2019-01-12,102558,106,Ajmer,Excellent,aws certified,22,Night,Promoted Recently,True,29,c
150,Lagan Dubey,25,Male,Dpt002,Software Engineer,2018-01-04,50627,104,Panihati,Excellent,azure certified,9,Night,Needs Improvement,True,13,a
152,Vaibhav Sathe,41,Male,Dpt003,Developer,2018-09-21,132466,106,Malegaon,Average,itil certified,28,Day,Team Leader,True,5,c
155,Hrishita Kant,31,Female,Dpt002,Data Analyst,2018-10-26,121300,107,Uluberia,Excellent,azure certified,7,Day,Quick Learner,False,14,2
156,Piya Jaggi,34,Male,Dpt001,Data Analyst,2022-06-08,93145,105,Patiala,Average,aws certified,5,Day,Needs Improvement,False,33,a
177,Darshit Som,38,Male,Dpt003,Network Lead,2016-10-14,71029,101,Malegaon,Excellent,tableau expert,2,Day,Promoted Recently,False,2,2
181,Nakul Batra,32,Male,Dpt004,Software Engineer,2019-03-09,83143,104,Dibrugarh,Excellent,ccna,14,Day,Flexible Worker,False,13,a
182,Nayantara Dugal,50,Female,Dpt003,Developer,2017-01-19,105548,102,Tiruchirappalli,Average,itil certified,5,Night,Flexible Worker,True,20,2
194,Siya Dhingra,29,Male,Dpt004,Developer,2019-03-22,145154,109,Kakinada,Excellent,itil certified,15,Night,Flexible Worker,False,15,1
195,Anvi Jayaraman,37,Male,Dpt003,IT Manager,2023-05-27,142900,102,Rajpur Sonarpur,Average,itil certified,20,Day,Needs Improvement,True,3,b
197,Indranil Kant,50,Male,Dpt002,Data Analyst,2021-03-27,60794,107,Ulhasnagar,Excellent,azure certified,4,Night,Quick Learner,True,4,b
204,Aarna Divan,49,Female,Dpt004,Developer,2017-01-26,71050,103,Vijayanagaram,Good,itil certified,11,Day,Needs Improvement,False,40,b
216,Alisha Konda,31,Female,Dpt002,Data Analyst,2020-03-21,148885,101,Karimnagar,Average,tableau expert,16,Day,Promoted Recently,False,10,c
229,Yasmin Varughese,43,Male,Dpt003,Developer,2018-03-29,49250,108,Shahjahanpur,Average,itil certified,28,Night,Needs Improvement,False,10,c
231,Aarush Bhasin,42,Female,Dpt004,Software Engineer,2016-11-06,140585,103,Singrauli,Good,aws certified,10,Day,Promoted Recently,True,12,1
233,Vanya Saha,48,Male,Dpt002,Data Analyst,2019-09-01,148223,110,Jehanabad,Average,azure certified,13,Day,Needs Improvement,False,3,b
235,Aarush Dhar,51,Male,Dpt003,Network Lead,2020-03-21,77793,101,Jamshedpur,Excellent,aws certified,26,Night,Promoted Recently,False,8,c
239,Pranay Kakar,47,Male,Dpt004,Data Analyst,2021-03-28,110765,107,Ramagundam,Average,tableau expert,14,Night,Team Leader,True,47,c
241,Jayan Ramachandran,29,Female,Dpt003,Software Engineer,2016-03-15,146824,101,Varanasi,Excellent,azure certified,19,Night,Promoted Recently,True,47,c
246,Aradhya Varty,25,Female,Dpt002,Software Engineer,2021-12-29,86454,105,Panvel,Good,ccna,28,Day,Promoted Recently,False,37,b
250,Armaan Baria,39,Female,Dpt003,Data Analyst,2015-05-23,68444,107,Sri Ganganagar,Average,aws certified,20,Day,Team Leader,True,2,a
251,Ehsaan Som,27,Female,Dpt002,IT Manager,2015-12-06,51927,103,Panchkula,Excellent,aws certified,12,Night,Quick Learner,True,17,c
253,Miraya Mahal,27,Female,Dpt001,Data Analyst,2022-06-25,52094,110,Chapra,Average,ccna,29,Night,Promoted Recently,False,30,1
255,Ritvik Mandal,29,Female,Dpt001,Developer,2018-06-22,146848,107,Warangal,Excellent,ccna,23,Night,Team Leader,False,18,1
262,Vaibhav Sidhu,59,Female,Dpt003,Developer,2020-09-26,147564,108,Ramgarh,Excellent,azure certified,14,Night,Quick Learner,False,7,1
263,Keya Hayre,56,Male,Dpt004,Developer,2019-06-30,74334,107,Gwalior,Good,itil certified,4,Day,Team Leader,True,32,b
264,Seher Hari,45,Female,Dpt003,Software Engineer,2023-02-22,80210,105,Gwalior,Good,ccna,26,Day,Quick Learner,True,43,2
272,Kanav Dalal,55,Male,Dpt002,Software Engineer,2021-10-04,60040,100,Kalyan-Dombivli,Good,azure certified,21,Night,Team Leader,False,4,b
275,Neysa Shan,36,Female,Dpt003,IT Manager,2017-05-01,136276,110,Madanapalle,Good,itil certified,14,Day,Promoted Recently,True,22,a
280,Mannat Dhar,23,Female,Dpt002,IT Manager,2020-02-29,44426,104,Motihari,Excellent,ccna,13,Day,Promoted Recently,False,12,1
291,Fateh Deep,30,Female,Dpt003,Software Engineer,2016-08-23,66816,103,Khandwa,Average,ccna,21,Night,Quick Learner,True,6,a
297,Miraya Bains,27,Male,Dpt003,Data Analyst,2023-07-08,145018,106,Sangli-Miraj & Kupwad,Good,tableau expert,23,Night,Promoted Recently,False,11,c
302,Saanvi Madan,39,Female,Dpt003,IT Manager,2020-03-28,130686,107,Udupi,Excellent,azure certified,27,Day,Quick Learner,False,35,b
309,Aarush Mandal,55,Male,Dpt004,Network Lead,2015-05-21,103200,103,Kumbakonam,Excellent,aws certified,7,Night,Needs Improvement,False,8,2
320,Bhamini Sule,35,Female,Dpt002,IT Manager,2021-12-25,30758,104,Bhiwandi,Average,azure certified,13,Day,Needs Improvement,True,24,b
324,Madhav Shankar,31,Female,Dpt001,Developer,2024-10-18,131223,102,Imphal,Average,azure certified,9,Day,Promoted Recently,True,16,1
334,Trisha Bhat,28,Male,Dpt003,Developer,2017-08-01,105027,103,Thanjavur,Good,aws certified,11,Day,Promoted Recently,True,37,1
337,Priyansh Walla,51,Female,Dpt003,Software Engineer,2022-04-17,148437,102,Anand,Good,itil certified,13,Night,Needs Improvement,True,15,a
339,Amani Soni,38,Female,Dpt003,Software Engineer,2015-12-21,116768,109,Bhilai,Average,tableau expert,29,Day,Flexible Worker,False,46,b
341,Raghav Sastry,37,Female,Dpt001,Software Engineer,2020-11-04,116949,105,Shimoga,Average,tableau expert,7,Night,Team Leader,False,1,1
344,Seher Kara,47,Male,Dpt001,Developer,2020-10-07,82845,106,Dharmavaram,Excellent,itil certified,17,Night,Team Leader,True,15,b
350,Alisha Tandon,51,Male,Dpt001,IT Manager,2020-02-08,36199,100,Suryapet,Average,azure certified,23,Night,Flexible Worker,True,23,a
360,Jayan Char,56,Male,Dpt004,IT Manager,2015-10-11,122796,109,Raebareli,Good,tableau expert,14,Night,Promoted Recently,False,11,c
370,Saira Loyal,50,Female,Dpt004,Data Analyst,2015-11-03,133504,102,Etawah,Excellent,azure certified,16,Night,Team Leader,True,47,a
373,Piya Loke,31,Female,Dpt003,Software Engineer,2021-05-23,103908,110,Berhampore,Good,ccna,27,Day,Team Leader,False,18,1
375,Aarna Arora,58,Female,Dpt002,IT Manager,2019-12-28,68179,105,Parbhani,Average,itil certified,17,Day,Promoted Recently,False,28,1
377,Zara Sem,24,Male,Dpt001,Software Engineer,2021-11-14,119546,105,Jodhpur,Excellent,aws certified,12,Day,Quick Learner,True,45,a
392,Kimaya Mahajan,48,Male,Dpt003,IT Manager,2020-07-13,94985,110,Coimbatore,Average,tableau expert,16,Night,Promoted Recently,False,20,b
393,Alisha Bora,33,Male,Dpt002,IT Manager,2022-02-22,133715,104,Vijayanagaram,Average,ccna,17,Day,Flexible Worker,True,14,1
402,Elakshi Tailor,56,Male,Dpt004,Network Lead,2023-06-13,61052,105,Thanjavur,Good,itil certified,19,Day,Flexible Worker,False,32,a
422,Rhea Kala,48,Male,Dpt003,Data Analyst,2020-03-15,40680,102,Madanapalle,Good,itil certified,23,Day,Promoted Recently,True,27,a
425,Seher Badami,44,Female,Dpt003,Developer,2021-04-24,128448,109,Patiala,Excellent,itil certified,18,Night,Team Leader,False,47,1
426,Kimaya Sur,38,Male,Dpt001,Developer,2017-09-01,83637,106,Cuttack,Average,azure certified,28,Night,Quick Learner,False,29,c
429,Piya Deo,40,Female,Dpt001,Software Engineer,2021-09-06,86853,107,Bardhaman,Excellent,aws certified,28,Day,Promoted Recently,False,26,b
430,Ryan Gill,52,Male,Dpt001,Data Analyst,2017-02-21,67877,110,Madhyamgram,Excellent,aws certified,5,Day,Needs Improvement,True,22,1
431,Jiya Dave,29,Female,Dpt003,Software Engineer,2023-06-05,41425,102,Kochi,Good,itil certified,15,Day,Quick Learner,False,37,2
434,Nitya Majumdar,56,Male,Dpt003,Network Lead,2015-01-31,149962,103,Guntur,Excellent,ccna,10,Night,Needs Improvement,False,37,b
441,Devansh Loyal,23,Female,Dpt004,Network Lead,2019-05-14,121555,104,Gudivada,Average,azure certified,26,Day,Flexible Worker,True,9,c
446,Mohanlal Dora,43,Male,Dpt004,Data Analyst,2017-11-11,83205,109,Ballia,Good,azure certified,26,Night,Promoted Recently,True,42,2
449,Sana Walia,44,Male,Dpt001,Developer,2020-12-13,120890,100,Sirsa,Average,tableau expert,22,Day,Team Leader,True,36,a
451,Ivana Ramaswamy,41,Female,Dpt004,Software Engineer,2017-01-22,40314,103,Kulti,Good,azure certified,3,Night,Team Leader,False,21,a
454,Ryan Tata,47,Female,Dpt002,IT Manager,2015-05-01,135690,103,Mathura,Good,aws certified,29,Night,Flexible Worker,False,13,2
455,Tushar Dalal,45,Male,Dpt003,Network Lead,2019-03-15,121935,102,Mehsana,Excellent,tableau expert,29,Night,Needs Improvement,False,41,b
457,Rhea Kothari,58,Female,Dpt003,Network Lead,2024-05-06,83872,108,Warangal,Excellent,tableau expert,14,Night,Needs Improvement,True,38,2
471,Stuvan Dixit,58,Female,Dpt003,Software Engineer,2024-11-06,110948,108,Mangalore,Excellent,aws certified,2,Night,Quick Learner,True,46,1
472,Aarav Tak,23,Female,Dpt004,Data Analyst,2019-12-08,79643,100,Hospet,Average,ccna,30,Night,Quick Learner,False,36,1
485,Shray Seshadri,46,Male,Dpt002,Network Lead,2023-10-22,146555,106,Deoghar,Average,ccna,15,Night,Needs Improvement,True,44,2
498,Vardaniya Basak,25,Female,Dpt002,Developer,2020-10-11,146779,101,Srikakulam,Excellent,itil certified,30,Night,Needs Improvement,False,29,b
502,Sahil Srinivas,56,Male,Dpt003,IT Manager,2020-07-13,142411,101,Raurkela Industrial Township,Good,tableau expert,20,Night,Quick Learner,False,18,c
507,Adira Walia,25,Female,Dpt002,IT Manager,2017-09-13,63360,104,Bidar,Average,azure certified,15,Day,Needs Improvement,True,32,a
512,Zaina Handa,43,Male,Dpt003,Developer,2023-12-21,134430,106,Dharmavaram,Excellent,azure certified,17,Day,Needs Improvement,True,11,b
513,Khushi Walla,41,Female,Dpt001,Data Analyst,2018-04-21,116654,100,Secunderabad,Average,aws certified,16,Night,Promoted Recently,False,1,c
515,Farhan Walla,49,Male,Dpt002,IT Manager,2017-04-12,40085,104,Sambalpur,Average,tableau expert,16,Night,Team Leader,True,44,c
517,Mehul Shan,47,Male,Dpt004,Data Analyst,2022-04-07,74026,105,Aurangabad,Average,aws certified,15,Day,Flexible Worker,True,37,c
519,Jivin Hayre,50,Male,Dpt004,Developer,2023-01-13,76090,107,Hyderabad,Good,itil certified,6,Night,Promoted Recently,False,29,1
520,Krish Varughese,43,Female,Dpt003,IT Manager,2021-06-23,140196,107,Varanasi,Excellent,azure certified,11,Day,Needs Improvement,True,23,b
525,Dhruv Tella,42,Female,Dpt002,Data Analyst,2018-08-15,39061,102,Unnao,Excellent,aws certified,4,Night,Needs Improvement,False,32,c
528,Rohan Anand,38,Female,Dpt004,Network Lead,2022-09-15,119988,107,Salem,Excellent,itil certified,8,Night,Quick Learner,True,11,c
533,Kavya Verma,37,Female,Dpt004,Developer,2017-09-20,115473,103,Bangalore,Average,aws certified,20,Night,Promoted Recently,False,31,1
541,Inaaya Sankar,53,Female,Dpt002,Developer,2019-06-08,32571,107,Jalgaon,Good,azure certified,16,Day,Needs Improvement,False,44,c
551,Charvi Golla,33,Male,Dpt003,Software Engineer,2022-05-10,67709,103,Shivpuri,Average,ccna,1,Night,Promoted Recently,False,14,a
558,Jhanvi Sidhu,32,Male,Dpt002,Data Analyst,2017-03-28,71320,102,Bardhaman,Average,ccna,26,Day,Promoted Recently,False,7,2
560,Jayesh Mall,51,Male,Dpt003,Network Lead,2020-05-24,86198,101,Bhiwani,Average,ccna,3,Day,Promoted Recently,False,15,1
562,Uthkarsh Cherian,42,Female,Dpt002,Data Analyst,2020-02-01,91840,104,Deoghar,Average,ccna,15,Night,Promoted Recently,False,28,c
563,Zoya Badal,41,Male,Dpt002,Network Lead,2023-06-05,95626,105,Munger,Excellent,ccna,25,Night,Needs Improvement,True,14,1
565,Vihaan Ganguly,44,Male,Dpt004,Software Engineer,2018-11-30,133576,109,Etawah,Good,itil certified,18,Night,Promoted Recently,True,31,a
569,Yashvi Ramakrishnan,25,Male,Dpt003,Software Engineer,2023-05-10,50169,110,Sangli-Miraj & Kupwad,Excellent,ccna,11,Night,Needs Improvement,False,21,a
575,Neysa Sahota,38,Male,Dpt001,Developer,2024-11-03,91361,104,Moradabad,Excellent,itil certified,27,Night,Needs Improvement,False,3,2
576,Bhavin Hari,48,Female,Dpt003,IT Manager,2024-06-19,52142,104,Raiganj,Excellent,azure certified,5,Night,Needs Improvement,True,37,a
578,Eva Sarraf,39,Female,Dpt002,IT Manager,2018-07-23,129164,103,Mumbai,Excellent,tableau expert,24,Night,Needs Improvement,False,40,b
580,Zaina Krish,55,Female,Dpt002,Developer,2015-03-01,47652,102,Chandigarh,Good,itil certified,25,Night,Team Leader,True,12,b
588,Kimaya Bhakta,27,Male,Dpt004,IT Manager,2015-05-13,137241,109,Agra,Average,ccna,15,Day,Needs Improvement,False,18,c
591,Tanya Balasubramanian,59,Female,Dpt004,IT Manager,2018-05-25,136965,103,Bulandshahr,Good,aws certified,10,Day,Quick Learner,True,35,a
593,Sara Sibal,28,Female,Dpt001,Network Lead,2021-11-03,147901,105,Hubli–Dharwad,Excellent,azure certified,23,Night,Promoted Recently,True,3,1
595,Vivaan Shukla,52,Male,Dpt003,Developer,2023-07-12,80503,110,Bellary,Good,azure certified,25,Night,Flexible Worker,False,28,b
596,Keya Wali,28,Male,Dpt001,Network Lead,2017-04-14,96970,101,Ambarnath,Excellent,azure certified,16,Day,Needs Improvement,True,25,1
616,Riaan Randhawa,38,Male,Dpt002,Developer,2021-05-19,120634,106,Imphal,Good,ccna,26,Night,Flexible Worker,False,23,a
624,Riaan Kunda,34,Female,Dpt003,Software Engineer,2022-01-17,127973,109,Bareilly,Excellent,azure certified,7,Night,Promoted Recently,True,2,b
632,Shaan Varkey,41,Male,Dpt003,Data Analyst,2019-10-10,68425,104,Chittoor,Average,itil certified,11,Night,Flexible Worker,True,41,a
635,Raunak Sarin,55,Female,Dpt003,Network Lead,2024-05-06,99965,102,Kirari Suleman Nagar,Excellent,ccna,1,Night,Flexible Worker,True,27,a
636,Alia Hayre,23,Female,Dpt003,IT Manager,2019-06-02,121584,106,Srikakulam,Average,azure certified,7,Night,Promoted Recently,True,30,2
637,Kimaya Tara,50,Male,Dpt001,Software Engineer,2022-12-21,132018,103,Shimoga,Average,tableau expert,17,Night,Team Leader,True,27,a
640,Ryan Mani,25,Male,Dpt001,Software Engineer,2016-06-10,115325,100,Madurai,Excellent,ccna,26,Night,Team Leader,False,24,1
650,Eva Bhandari,32,Female,Dpt002,Network Lead,2014-11-23,95136,110,Dehradun,Good,aws certified,18,Night,Flexible Worker,False,36,a
651,Ryan Bassi,60,Female,Dpt002,Developer,2018-05-07,42617,107,Vellore,Good,azure certified,30,Night,Needs Improvement,False,17,2
657,Jhanvi Virk,26,Male,Dpt001,Data Analyst,2015-07-13,96629,107,Adoni,Good,ccna,8,Day,Flexible Worker,False,6,1
659,Shamik Wali,46,Female,Dpt004,Network Lead,2022-11-01,145791,100,Jalandhar,Excellent,itil certified,23,Night,Needs Improvement,False,43,a
661,Advika Choudhary,56,Female,Dpt002,Data Analyst,2015-01-13,119307,100,Bahraich,Average,tableau expert,5,Night,Flexible Worker,False,48,c
663,Rania Master,27,Male,Dpt004,Data Analyst,2017-08-18,131236,108,Alappuzha,Excellent,aws certified,7,Night,Flexible Worker,False,19,c
671,Shamik Bhardwaj,46,Male,Dpt003,Software Engineer,2015-01-08,56535,102,Guwahati,Excellent,itil certified,2,Night,Team Leader,True,36,a
672,Anika Subramaniam,27,Female,Dpt004,IT Manager,2022-01-01,90745,104,Howrah,Good,azure certified,13,Night,Needs Improvement,True,14,2
673,Pari Edwin,48,Male,Dpt001,Network Lead,2023-02-07,93795,105,Bijapur,Good,ccna,15,Night,Promoted Recently,True,48,1
674,Mishti Khosla,25,Female,Dpt004,Network Lead,2019-10-02,125527,104,Etawah,Average,tableau expert,17,Night,Team Leader,True,43,2
675,Aaina Bumb,47,Male,Dpt004,Network Lead,2023-08-05,47082,104,Udupi,Good,azure certified,4,Night,Flexible Worker,True,20,2
686,Akarsh Chada,24,Male,Dpt001,Data Analyst,2019-10-31,30365,105,Khora,Good,itil certified,25,Day,Quick Learner,False,5,b
693,Vedika Ratti,60,Female,Dpt002,Network Lead,2024-02-11,89259,109,Panipat,Average,tableau expert,18,Day,Promoted Recently,True,1,b
704,Dharmajan Sekhon,56,Female,Dpt002,Data Analyst,2021-11-07,146849,108,Bhilai,Average,tableau expert,1,Day,Flexible Worker,False,43,2
710,Nirvaan Luthra,34,Female,Dpt001,IT Manager,2020-08-15,145378,103,Gangtok,Good,tableau expert,5,Night,Needs Improvement,False,12,2
717,Oorja Mahajan,44,Female,Dpt004,IT Manager,2019-07-21,80179,106,Erode,Excellent,tableau expert,27,Night,Flexible Worker,False,9,2
719,Vaibhav Devi,45,Male,Dpt002,IT Manager,2015-12-27,34916,102,Kollam,Good,ccna,18,Night,Promoted Recently,True,21,a
720,Sahil Thaman,25,Male,Dpt004,Data Analyst,2017-07-15,144011,104,Ghaziabad,Excellent,itil certified,20,Night,Quick Learner,True,22,2
723,Ishaan Arya,59,Male,Dpt001,Data Analyst,2023-10-22,121729,104,Anand,Average,ccna,26,Day,Quick Learner,True,26,1
728,Tanya Doctor,59,Female,Dpt002,Data Analyst,2021-05-24,90575,102,Dibrugarh,Good,ccna,20,Night,Needs Improvement,True,20,2
731,Yashvi Brahmbhatt,49,Male,Dpt003,Developer,2024-07-07,80151,106,Dindigul,Average,tableau expert,6,Day,Needs Improvement,False,4,a
736,Drishya Mahal,26,Male,Dpt001,Software Engineer,2017-03-28,91649,102,Farrukhabad,Average,azure certified,26,Day,Needs Improvement,False,8,1
737,Aaryahi Devan,31,Male,Dpt002,Software Engineer,2018-02-02,87905,103,Tiruchirappalli,Average,itil certified,23,Day,Promoted Recently,True,11,b
738,Kanav Buch,24,Male,Dpt004,Software Engineer,2023-09-02,32149,104,Ghaziabad,Excellent,aws certified,13,Night,Quick Learner,True,21,a
747,Ela Thakkar,58,Male,Dpt004,Software Engineer,2022-06-27,101785,101,Kurnool,Excellent,ccna,22,Night,Quick Learner,True,18,b
752,Nishith Deshpande,37,Male,Dpt004,IT Manager,2016-08-29,100801,106,Visakhapatnam,Average,azure certified,10,Day,Quick Learner,True,8,c
753,Jayesh Bhatt,55,Female,Dpt004,Software Engineer,2019-06-03,39437,101,Saharsa,Good,itil certified,14,Day,Quick Learner,False,49,2
759,Umang Choudhry,58,Male,Dpt004,IT Manager,2018-12-22,73144,102,Jalgaon,Good,azure certified,15,Night,Flexible Worker,True,31,b
767,Aniruddh Ratti,53,Female,Dpt004,IT Manager,2020-03-25,142299,104,Nandyal,Excellent,itil certified,26,Day,Flexible Worker,True,39,b
768,Prerak Kannan,46,Male,Dpt002,Software Engineer,2016-06-09,124541,100,Ludhiana,Excellent,azure certified,29,Night,Quick Learner,False,3,c
769,Tiya Chaudry,34,Male,Dpt001,Developer,2019-08-28,93714,102,Aligarh,Average,ccna,7,Day,Flexible Worker,False,34,b
778,Shray Chauhan,33,Male,Dpt001,Developer,2020-12-28,128916,100,Kamarhati,Average,ccna,9,Day,Flexible Worker,True,36,c
779,Divyansh Biswas,52,Male,Dpt001,Network Lead,2024-07-03,114471,105,Rampur,Average,aws certified,25,Day,Quick Learner,False,11,a
783,Anahita Bakshi,30,Female,Dpt004,Software Engineer,2020-12-05,74209,106,Firozabad,Good,itil certified,7,Night,Needs Improvement,True,28,b
786,Nishith Sastry,57,Male,Dpt002,IT Manager,2022-07-08,83290,109,Orai,Excellent,tableau expert,3,Day,Quick Learner,False,37,c
789,Onkar Halder,41,Female,Dpt003,IT Manager,2024-09-04,102796,100,Latur,Excellent,aws certified,11,Day,Team Leader,True,2,1
794,Charvi Mander,52,Female,Dpt001,Data Analyst,2022-03-23,84140,101,Imphal,Excellent,itil certified,2,Day,Flexible Worker,False,43,b
797,Pihu Hari,50,Female,Dpt004,IT Manager,2015-11-23,45414,106,Kollam,Good,tableau expert,21,Day,Quick Learner,True,46,c
801,Romil Mann,40,Male,Dpt003,Network Lead,2021-08-30,108471,106,Bhavnagar,Average,aws certified,23,Day,Team Leader,True,18,2
802,Zaina Venkataraman,51,Female,Dpt003,Network Lead,2015-08-15,121324,109,Gulbarga,Good,aws certified,29,Day,Quick Learner,True,33,a
813,Sara Vohra,30,Female,Dpt001,Data Analyst,2022-02-15,130198,109,Srikakulam,Excellent,tableau expert,10,Day,Team Leader,True,32,c
820,Ishaan Chowdhury,47,Male,Dpt004,Developer,2017-05-23,139485,107,Sambhal,Good,itil certified,23,Day,Needs Improvement,True,35,1
826,Rasha Sama,28,Male,Dpt001,Developer,2017-08-13,50744,103,Jamalpur,Excellent,tableau expert,21,Day,Quick Learner,False,8,1
831,Indrans Reddy,45,Female,Dpt002,Data Analyst,2016-09-22,138874,109,Ramgarh,Excellent,aws certified,16,Night,Promoted Recently,False,47,2
852,Parinaaz Setty,30,Male,Dpt003,Network Lead,2021-03-30,143350,105,Aurangabad,Excellent,itil certified,12,Day,Needs Improvement,False,41,2
855,Kartik Ganesan,48,Female,Dpt003,Developer,2024-04-09,135946,105,Bhalswa Jahangir Pur,Average,tableau expert,6,Night,Promoted Recently,True,38,2
856,Divit Wadhwa,60,Female,Dpt003,Developer,2018-02-22,80934,104,Hapur,Average,tableau expert,29,Night,Promoted Recently,False,35,1
860,Jiya Kumar,51,Male,Dpt004,Software Engineer,2018-04-21,47696,110,Tenali,Excellent,tableau expert,17,Night,Promoted Recently,True,4,c
869,Biju Sankaran,54,Male,Dpt004,Software Engineer,2017-05-19,54866,106,Mau,Excellent,ccna,4,Night,Flexible Worker,True,29,2
871,Vihaan Vig,43,Female,Dpt004,IT Manager,2019-11-09,122248,110,Guntakal,Average,ccna,5,Night,Flexible Worker,True,14,1
872,Kismat Goswami,24,Male,Dpt003,Developer,2017-01-02,96152,101,Proddatur,Excellent,aws certified,18,Night,Flexible Worker,True,18,2
873,Sara Kumar,41,Male,Dpt002,Network Lead,2020-05-31,38787,109,Amroha,Good,tableau expert,23,Night,Promoted Recently,False,25,a
879,Mohanlal Borah,47,Female,Dpt003,Software Engineer,2021-11-26,127270,103,Gulbarga,Excellent,tableau expert,11,Day,Promoted Recently,False,37,1
880,Baiju Sastry,37,Male,Dpt002,Software Engineer,2024-08-10,124977,102,Kanpur,Excellent,ccna,12,Day,Flexible Worker,False,1,a
884,Dhruv Varghese,51,Male,Dpt004,IT Manager,2020-09-26,58429,101,Tumkur,Average,aws certified,30,Night,Quick Learner,False,43,2
888,Zain Karan,36,Female,Dpt001,Developer,2018-11-14,66076,105,Delhi,Excellent,ccna,10,Day,Quick Learner,False,16,c
891,Samaira Taneja,29,Male,Dpt001,Developer,2019-12-30,36925,110,Morena,Excellent,aws certified,20,Night,Needs Improvement,True,42,1
897,Ishita Edwin,22,Female,Dpt001,Network Lead,2016-10-18,102016,108,Bhubaneswar,Excellent,aws certified,13,Day,Team Leader,False,35,c
903,Hridaan Divan,45,Female,Dpt004,Software Engineer,2019-10-17,66171,106,Bidhannagar,Excellent,azure certified,24,Day,Team Leader,True,37,b
910,Dhanuk Thakkar,26,Female,Dpt002,Network Lead,2016-06-20,126773,108,Madanapalle,Excellent,tableau expert,11,Day,Team Leader,False,16,b
911,Madhav Ben,59,Male,Dpt002,Data Analyst,2017-11-19,71476,106,Surendranagar Dudhrej,Average,azure certified,30,Day,Quick Learner,False,19,1
912,Madhup Shere,54,Female,Dpt002,Developer,2023-06-14,70832,108,Farrukhabad,Good,ccna,20,Night,Needs Improvement,False,37,2
917,Jivika Ramakrishnan,40,Female,Dpt002,Developer,2024-06-07,38420,102,Dhanbad,Average,itil certified,16,Day,Quick Learner,False,46,1
919,Zaina Rastogi,40,Female,Dpt001,Network Lead,2020-10-30,35550,100,Medininagar,Good,ccna,24,Day,Flexible Worker,False,13,b
923,Yuvaan Chand,57,Male,Dpt004,Software Engineer,2017-09-30,51376,105,Ratlam,Average,tableau expert,28,Night,Team Leader,True,27,2
928,Shlok Chowdhury,23,Male,Dpt002,Developer,2017-01-28,89044,107,Allahabad,Good,aws certified,11,Day,Flexible Worker,True,35,1
929,Hridaan Master,41,Male,Dpt002,IT Manager,2016-02-13,66596,106,South Dumdum,Average,aws certified,3,Day,Team Leader,True,42,2
938,Indrajit Chander,37,Female,Dpt002,Network Lead,2022-03-13,73651,108,Allahabad,Excellent,aws certified,20,Day,Quick Learner,False,14,b
941,Trisha Kalita,25,Male,Dpt003,Network Lead,2017-01-08,87005,108,Ajmer,Average,tableau expert,11,Night,Quick Learner,False,32,a
942,Rasha Boase,50,Female,Dpt002,IT Manager,2016-02-08,104839,109,Anand,Excellent,azure certified,13,Night,Quick Learner,True,8,c
948,Gokul Devan,43,Female,Dpt001,Network Lead,2017-03-18,141748,102,Dehradun,Average,azure certified,28,Night,Needs Improvement,False,43,2
950,Hiran Baral,33,Female,Dpt001,Network Lead,2019-06-20,52866,103,Jammu,Average,ccna,7,Day,Needs Improvement,False,44,a
953,Saksham Karpe,47,Female,Dpt002,Network Lead,2017-02-07,148395,105,Shimoga,Good,aws certified,14,Night,Quick Learner,True,16,2
958,Raghav Dani,32,Female,Dpt004,Software Engineer,2020-04-28,104888,108,Udaipur,Average,itil certified,1,Night,Team Leader,False,3,b
963,Ehsaan Dash,57,Female,Dpt001,IT Manager,2017-06-09,47053,110,Kadapa,Good,ccna,21,Day,Promoted Recently,False,42,2
977,Manikya Shenoy,54,Female,Dpt001,Data Analyst,2022-11-19,148577,109,Secunderabad,Average,tableau expert,6,Day,Needs Improvement,True,49,a
980,Kismat Baria,30,Female,Dpt001,Developer,2024-06-13,55237,101,Udupi,Good,tableau expert,23,Day,Promoted Recently,False,6,c
981,Indranil Bandi,42,Male,Dpt002,Network Lead,2021-02-19,46452,104,Bihar Sharif,Average,ccna,24,Night,Flexible Worker,True,39,2
982,Ivana Tank,59,Male,Dpt001,IT Manager,2016-06-16,78331,109,Jamshedpur,Good,aws certified,4,Day,Quick Learner,False,38,c
983,Badal Khanna,41,Male,Dpt001,Network Lead,2015-01-01,83958,105,Pallavaram,Excellent,itil certified,7,Day,Team Leader,False,17,b
986,Drishya Mane,25,Female,Dpt002,Software Engineer,2015-10-26,37602,103,Ambarnath,Average,azure certified,16,Night,Flexible Worker,True,10,2
990,Hansh Das,48,Female,Dpt002,IT Manager,2020-07-07,132764,103,Mehsana,Average,ccna,23,Day,Quick Learner,False,16,c
991,Yuvaan Amble,28,Male,Dpt002,Data Analyst,2019-12-29,105681,102,Kottayam,Excellent,tableau expert,20,Night,Promoted Recently,False,31,c
998,Manikya Bala,57,Male,Dpt004,Software Engineer,2016-10-12,91753,107,Khora,Average,azure certified,9,Night,Team Leader,True,25,b
999,Ishita Dhaliwal,30,Male,Dpt001,Network Lead,2022-10-05,141060,105,Alwar,Average,azure certified,4,Night,Quick Learner,True,39,1
1000,Test User 1,30,Male,Dpt001,Data Analyst,2024-01-01,60000,100,New York,Good,aws certified,5,Day,Quick Learner,True,13,a
1001,Test User 2,40,Female,Dpt002,Developer,2024-01-02,70000,101,Los Angeles,Excellent,azure certified,10,Night,Team Leader,False,38,1
1002,Test User 3,50,Male,Dpt003,IT Manager,2024-01-03,80000,102,Chicago,Average,ccna,15,Day,Flexible Worker,True,9,b
