project_id,project_name,employee_id,employeename,start_date,end_date,project_status,client_name,budget,team_size,manager_id,technologies_used,location,hours_worked,milestones_achieved,risks_identified,Project Risk Score,Client_Satisfaction
1,Web Application Revamp,127,Vritika Sachdev,2023-06-24,2025-06-20,Completed,"Bahri, Gade And Yohannan",485998,11,105,"Aws, Sql",Ichalkaranji,123,7,Resource Issues,3,Medium
3,Data Migration,928,Shlok Chowdhury,2024-05-14,2025-10-12,Completed,"Sarin, Aurora And Gara",396820,18,103,"Node.Js, Flutter",Mau,57,9,Resource Issues,1,Low
13,Mobile App Development,309,Aarush Mandal,2024-01-19,2025-01-29,Completed,"Dora, Dhar And Bajwa",100637,18,109,"Sql, Python",Tirupati,97,9,Unknown,8,Medium
17,Data Migration,982,Ivana Tank,2023-10-13,2025-03-30,On Hold,Bala Llc,480797,7,104,"Node.Js, Flutter",Anantapuram,71,7,Unknown,3,Low
33,Mobile App Development,719,Vaibhav Devi,2024-07-24,2025-07-20,Ongoing,Ram Group,130758,9,109,"Azure, Python",Hapur,69,6,Resource Issues,5,Low
34,Mobile App Development,117,Drishya Tank,2023-08-11,2025-05-14,Completed,Grover Inc,143961,7,102,"Node.Js, React",Navi Mumbai,142,10,Resource Issues,5,High
42,Web Application Revamp,693,Vedika Ratti,2023-06-26,2025-09-07,Ongoing,Basak-Shere,269790,17,101,"Python, Flutter",Haldia,181,1,Delayed Delivery,2,Medium
48,Web Application Revamp,794,Charvi Mander,2023-05-29,2025-10-17,Completed,Bandi Ltd,252996,15,103,"Azure, Sql",Tinsukia,110,9,Delayed Delivery,1,Low
49,Web Application Revamp,794,Charvi Mander,2023-05-29,2025-10-17,Completed,Bandi Ltd,252999,13,102,"Azure, Sql",Tinsukia (Modified),110,4,Delayed Delivery,9,Low
50,Infrastructure Upgrade,339,Amani Soni,2023-08-07,2025-07-11,Completed,Kapadia-Dhar,387698,10,103,"Python, Flutter",Suryapet,187,9,Delayed Delivery,7,Low
51,Web Application Revamp,802,Zaina Venkataraman,2024-09-07,2025-06-08,On Hold,Ramesh Group,161150,7,107,"Flutter, Python",Madhyamgram,68,2,Unknown,8,Low
53,Web Application Revamp,350,Alisha Tandon,2024-05-24,2025-08-20,On Hold,"Sabharwal, Manda And Gulati",391664,7,104,"Aws, Flutter",Muzaffarpur,57,8,Unknown,8,Medium
59,Web Application Revamp,429,Piya Deo,2024-07-07,2025-06-12,On Hold,Chacko-Sunder,135138,16,107,"React, Flutter",Kirari Suleman Nagar,148,6,Unknown,1,Low
68,Web Application Revamp,759,Umang Choudhry,2023-12-21,2025-08-09,Completed,Saraf And Sons,338115,16,108,"Sql, Python",Jaunpur,52,7,Delayed Delivery,1,Low
70,Data Migration,923,Yuvaan Chand,2024-07-26,2025-10-10,On Hold,Wason Group,489616,16,101,"Aws, React",Vasai-Virar,192,9,Resource Issues,4,High
73,Data Migration,216,Alisha Konda,2024-05-01,2025-07-26,Completed,Shan Group,323508,9,109,"Python, Aws",Rajkot,64,9,Unknown,7,Low
75,Web Application Revamp,982,Ivana Tank,2024-11-04,2024-12-08,On Hold,Soni-Warrior,265808,7,103,"Aws, Node.Js",Pallavaram,50,4,Unknown,8,Medium
76,Data Migration,216,Alisha Konda,2024-05-01,2025-07-26,Completed,Shan Group,323512,8,105,"Python, Aws",Rajkot,62,8,Unknown,3,Medium
84,Web Application Revamp,455,Tushar Dalal,2024-01-30,2025-09-22,Completed,"Rajan, Wason And Bir",395920,8,109,"React, Flutter",Bokaro,176,3,Resource Issues,6,Low
87,Infrastructure Upgrade,640,Ryan Mani,2022-12-23,2025-06-01,On Hold,Din-Khosla,145843,7,108,"Python, Azure",Sambhal,105,2,Unknown,10,High
88,Web Application Revamp,938,Indrajit Chander,2024-01-12,2025-02-16,Completed,Bains-Gupta,159958,17,103,"Flutter, Aws",Pali,69,7,Resource Issues,9,Medium
95,Mobile App Development,451,Ivana Ramaswamy,2023-06-18,2025-03-20,Ongoing,Sane And Sons,420918,7,106,"React, Python",Aligarh,81,10,Unknown,3,Medium
99,Web Application Revamp,430,Jiya Dave,2023-10-30,2024-12-03,Ongoing,Sen Group,476545,20,104,"Flutter, Python",Bhubaneswar,173,3,Unknown,2,High
101,Web Application Revamp,588,Kimaya Bhakta,2023-03-23,2025-08-16,Ongoing,Kala-Walia,314485,18,102,"Flutter, Sql",Raebareli,176,5,Resource Issues,6,Low
103,Web Application Revamp,430,Jiya Dave,2023-10-30,2024-12-03,Ongoing,Sen Group,476541,19,100,"Flutter, Python",Bhubaneswar,172,5,Unknown,7,High
108,Mobile App Development,507,Adira Walia,2023-04-24,2025-06-13,On Hold,Sinha And Sons,394615,10,102,"Node.Js, Sql",Indore,81,4,Delayed Delivery,8,High
115,Web Application Revamp,377,Zara Sem,2024-04-06,2024-12-11,Ongoing,Ranganathan-Chanda,482680,17,103,"Azure, Python",Hospet,142,4,Unknown,7,High
116,Data Migration,262,Vaibhav Sidhu,2023-01-31,2025-10-30,Completed,"Balan, Subramaniam And Bali",402858,11,107,"Sql, Aws",Ratlam,137,5,Resource Issues,10,High
117,Infrastructure Upgrade,392,Kimaya Mahajan,2023-11-30,2025-10-19,Completed,"Khatri, Viswanathan And Kibe",357796,8,101,"Sql, Aws",Ramagundam,111,9,Resource Issues,6,High
123,Mobile App Development,624,Riaan Kunda,2023-10-17,2025-03-14,Completed,Dutta And Sons,205639,10,109,"Azure, Python",Udaipur,160,4,Delayed Delivery,6,Medium
134,Data Migration,334,Trisha Bhat,2022-12-20,2025-02-15,Completed,Babu And Sons,404926,5,103,"Node.Js, Azure",Ulhasnagar,169,7,Resource Issues,4,Low
136,Web Application Revamp,657,Jhanvi Virk,2024-06-03,2025-02-22,On Hold,Lal Group,454847,19,105,"Azure, Flutter",Baranagar,101,5,Resource Issues,8,Low
149,Data Migration,502,Sahil Srinivas,2024-10-08,2025-03-24,Completed,"Ramachandran, Sunder And Bhatt",407598,8,109,"Sql, React",Pali,161,10,Resource Issues,8,Medium
152,Web Application Revamp,747,Ela Thakkar,2024-03-09,2024-12-28,Completed,Chahal-Vig,204811,11,109,"Sql, Flutter",Ratlam,144,6,Unknown,10,Medium
154,Mobile App Development,728,Tanya Doctor,2024-11-08,2025-03-14,Ongoing,Koshy-Virk,143773,13,102,"Sql, Node.Js",Rampur,102,4,Unknown,5,Low
174,Mobile App Development,717,Oorja Mahajan,2023-02-19,2025-03-28,On Hold,Bassi And Sons,235835,10,104,"Python, Aws",Erode,163,6,Resource Issues,10,Low
175,Mobile App Development,879,Mohanlal Borah,2023-06-07,2025-04-26,On Hold,Gala-Chaudry,299670,19,107,"Flutter, Python",Gurgaon,167,10,Resource Issues,10,Medium
176,Infrastructure Upgrade,580,Zaina Krish,2024-08-07,2025-10-15,On Hold,Chopra-Gulati,127348,14,107,"Sql, Aws",Unnao,150,9,Resource Issues,2,High
186,Infrastructure Upgrade,344,Seher Kara,2023-03-09,2025-08-23,On Hold,Shah-Konda,104330,5,106,"Flutter, Sql",Ambala,149,10,Unknown,1,High
188,Web Application Revamp,661,Advika Choudhary,2023-01-11,2025-06-25,On Hold,Khanna Group,154140,6,107,"Aws, Node.Js",Erode,56,12,Resource Issues,5,High
189,Web Application Revamp,661,Advika Choudhary,2023-01-11,2025-06-25,On Hold,Khanna Group,154144,5,109,"Aws, Node.Js",Erode,55,9,Resource Issues,5,Low
191,Data Migration,737,Aaryahi Devan,2024-01-01,2025-08-28,On Hold,Rao Ltd,307748,20,104,"Python, Flutter",Kamarhati,61,3,Resource Issues,3,Low
195,Web Application Revamp,558,Jhanvi Sidhu,2023-03-30,2025-03-28,Completed,"Sachar, Agrawal And Dugar",427714,12,103,"Python, Azure",Barasat,193,7,Resource Issues,7,Low
198,Data Migration,903,Hridaan Divan,2023-12-06,2025-08-31,Ongoing,Barman Plc,108835,16,101,"Sql, Aws",Junagadh,187,5,Unknown,7,Medium
199,Web Application Revamp,704,Dharmajan Sekhon,2024-08-24,2025-07-26,Completed,Kapur-Bhavsar,373043,9,110,"Flutter, Aws",Jabalpur,186,6,Delayed Delivery,9,Medium
203,Mobile App Development,880,Baiju Sastry,2023-03-01,2025-08-18,On Hold,Joshi-Toor,236374,19,109,"Python, Sql",Barasat,144,9,Unknown,7,High
211,Data Migration,686,Akarsh Chada,2023-12-06,2025-06-30,Ongoing,Mane Plc,137688,9,103,"Flutter, Sql",Arrah,134,3,Resource Issues,10,Medium
237,Mobile App Development,562,Uthkarsh Cherian,2024-06-06,2025-07-11,Completed,Mandal-Shere,142339,5,106,"Node.Js, Python",Mau,171,1,Delayed Delivery,3,Low
238,Infrastructure Upgrade,635,Raunak Sarin,2023-04-26,2025-09-07,Ongoing,Gopal Group,469897,6,103,"React, Python",Amravati,96,5,Unknown,1,Low
239,Data Migration,235,Pranay Kakar,2024-07-08,2024-12-22,Completed,"Balakrishnan, Rajagopalan And Bal",118402,18,101,"Azure, Python",Nagaon,181,8,Delayed Delivery,5,Medium
240,Web Application Revamp,565,Vihaan Ganguly,2023-05-16,2025-04-25,Ongoing,Rattan-Gole,417953,8,110,"Sql, Node.Js",Gaya,85,9,Unknown,10,Low
241,Web Application Revamp,998,Manikya Bala,2024-06-13,2024-12-17,On Hold,"Sheth, Yadav And Bhatia",307873,18,101,"Flutter, Python",Karaikudi,121,7,Delayed Delivery,2,High
249,Data Migration,560,Jayesh Mall,2024-05-31,2025-02-12,On Hold,"Yadav, Kamdar And Chopra",182510,6,107,"React, Aws",Farrukhabad,136,2,Resource Issues,7,Medium
251,Mobile App Development,341,Raghav Sastry,2023-01-16,2025-08-24,Ongoing,Bakshi-Sundaram,219199,17,101,"Node.Js, Azure",Hyderabad,172,2,Resource Issues,3,High
252,Infrastructure Upgrade,953,Saksham Karpe,2023-02-08,2025-11-05,Completed,Sule Group,145641,20,104,"Azure, Aws",Kolkata,109,8,Resource Issues,2,High
256,Mobile App Development,341,Raghav Sastry,2023-01-16,2025-08-24,Ongoing,Bakshi-Sundaram,219196,19,104,"Node.Js, Azure",Hyderabad,169,4,Resource Issues,3,Low
268,Data Migration,263,Keya Hayre,2024-03-31,2025-06-11,Completed,Sen Llc,113855,17,110,"Azure, Flutter",Delhi,116,7,Unknown,2,Low
272,Web Application Revamp,768,Prerak Kannan,2024-09-29,2025-02-10,Completed,Dixit-Kohli,399891,5,107,"Flutter, Sql",Varanasi,89,9,Unknown,1,Low
277,Infrastructure Upgrade,111,Hiran Sidhu,2024-09-18,2025-08-27,Completed,Anne Llc,106742,16,104,"Azure, Flutter",Tirupati,66,2,Delayed Delivery,1,Low
284,Infrastructure Upgrade,650,Eva Bhandari,2024-09-18,2025-05-30,On Hold,Choudhary Group,120101,17,106,"Sql, Flutter",Amritsar,98,7,Delayed Delivery,4,Medium
285,Data Migration,253,Miraya Mahal,2023-10-09,2025-08-29,Completed,Sodhi Llc,433258,18,103,"Azure, Flutter",Serampore,197,7,Unknown,3,Low
290,Infrastructure Upgrade,302,Saanvi Madan,2023-05-20,2025-08-03,On Hold,Kalla-Dhillon,412394,14,100,"Aws, Sql",Malda,169,2,Unknown,1,High
296,Data Migration,783,Anahita Bakshi,2024-03-10,2025-04-14,Ongoing,Verma-Bhatt,299683,19,106,"Flutter, Azure",Tiruppur,53,1,Unknown,4,High
298,Web Application Revamp,786,Nishith Sastry,2023-08-18,2025-04-10,Ongoing,Choudhary Group,421250,11,104,"Python, Aws",Pondicherry,152,3,Delayed Delivery,6,Medium
304,Web Application Revamp,671,Shamik Bhardwaj,2024-02-08,2025-05-29,On Hold,Sami Plc,227920,18,108,"Node.Js, Flutter",Ujjain,115,5,Resource Issues,5,High
305,Data Migration,143,Dharmajan Lal,2023-02-09,2025-06-05,On Hold,"Dar, Mann And Arora",478206,6,100,"Python, Aws",Jhansi,75,9,Delayed Delivery,2,Medium
317,Data Migration,337,Priyansh Walla,2023-06-08,2025-04-12,On Hold,Tiwari Llc,124897,13,110,"Node.Js, Aws",Gangtok,195,5,Unknown,10,Low
330,Infrastructure Upgrade,917,Jivika Ramakrishnan,2023-09-03,2024-12-03,On Hold,Bala-Raj,464189,9,106,"Azure, Aws",Asansol,144,8,Delayed Delivery,6,Low
333,Mobile App Development,392,Kimaya Mahajan,2024-01-13,2025-04-29,On Hold,Varghese-Gara,405313,14,103,"Aws, Sql",Bhubaneswar,169,6,Delayed Delivery,7,Low
335,Mobile App Development (Modified),392,Kimaya Mahajan,2024-01-13,2025-04-29,On Hold,Varghese-Gara (Modified),405317,11,98,"Aws, Sql",Bhubaneswar,165,4,Delayed Delivery,1,Medium
339,Mobile App Development,262,Vaibhav Sidhu,2023-06-29,2025-02-21,Completed,Kara-Chand,175242,11,106,"Flutter, Azure",Kishanganj,134,9,Delayed Delivery,6,Medium
352,Web Application Revamp,888,Zain Karan,2023-06-19,2025-01-27,Completed,Dhar Group,488453,13,107,"Python, React",Vasai-Virar,90,4,Delayed Delivery,5,High
355,Mobile App Development,813,Sara Vohra,2024-06-26,2024-12-30,Completed,Madan Inc,167319,15,106,"React, Aws",Jehanabad,166,7,Delayed Delivery,8,Medium
356,Mobile App Development,241,Jayan Ramachandran,2024-04-02,2025-07-02,On Hold,Rajagopal Ltd,363883,13,103,"Sql, Azure",Mangalore,105,4,Delayed Delivery,2,Low
357,Web Application Revamp,616,Riaan Randhawa,2023-03-16,2025-03-19,On Hold,"Toor, Chander And Chanda",200960,14,109,"Python, Sql",Buxar,54,2,Resource Issues,3,Medium
362,Infrastructure Upgrade,182,Nayantara Dugal,2024-07-01,2025-10-11,On Hold,"Sibal, Apte And Ratta",106141,13,109,"Flutter, Aws",Nagpur,115,10,Unknown,8,Medium
378,Infrastructure Upgrade,815,Ishaan Chowdhury,2023-05-01,2025-03-21,Completed,Ramaswamy-Sood,157819,13,109,"Sql, Node.Js",Vijayanagaram,134,9,Delayed Delivery,2,Medium
380,Mobile App Development,982,Ivana Tank,2024-10-13,2025-01-29,On Hold,Saini-Sarraf,467526,5,103,"React, Aws",Kolhapur,61,5,Resource Issues,4,Low
382,Infrastructure Upgrade,519,Jivin Hayre,2023-11-16,2024-12-02,On Hold,Yogi Plc,454356,7,101,"Sql, Flutter",Vasai-Virar,70,4,Resource Issues,10,Medium
383,Infrastructure Upgrade,185,Nakul Batra (Modified),2024-04-07,2025-02-24,Ongoing,"Krishnan, Bhasin And Sachar",179511,15,107,"React, Sql",Sambalpur,77,11,Delayed Delivery,3,Low
385,Infrastructure Upgrade,181,Nakul Batra,2024-04-07,2025-02-24,Ongoing,"Krishnan, Bhasin And Sachar",179514,11,110,"React, Sql",Sambalpur,76,8,Delayed Delivery,5,High
387,Mobile App Development,519,Jivin Hayre,2024-08-27,2024-11-20,Ongoing,Chakrabarti Ltd,285644,8,108,"Node.Js, Python",Gandhinagar,51,10,Delayed Delivery,2,Medium
388,Mobile App Development,980,Kismat Baria,2024-03-16,2025-08-28,Completed,Agarwal Llc,150862,14,104,"Flutter, Sql",Tadipatri,111,5,Delayed Delivery,9,Medium
397,Infrastructure Upgrade,719,Vaibhav Devi,2024-09-27,2025-05-15,Completed,"Kibe, Konda And Doctor",143272,10,106,"Sql, Azure",Mango,58,9,Resource Issues,2,High
398,Infrastructure Upgrade,441,Devansh Loyal,2023-06-14,2024-12-18,Completed,"D�Alia, Mani And Sawhney",266959,18,104,"Aws, Flutter",Secunderabad,194,6,Delayed Delivery,2,Low
409,Infrastructure Upgrade,673,Pari Edwin,2024-06-21,2025-06-11,On Hold,Chaudry Group,310171,12,101,"Flutter, React",Narasaraopet,140,5,Unknown,8,High
410,Mobile App Development,996,Ishita Dhaliwal,2023-12-14,2025-05-15,Ongoing,Butala-Tandon,218983,17,109,"Flutter, Azure",Nizamabad,156,4,Delayed Delivery,4,High
414,Mobile App Development,996,Ishita Dhaliwal,2023-12-14,2025-05-15,Ongoing,Butala-Tandon,218987,13,111,"Flutter, Azure",Nizamabad,159,6,Delayed Delivery,9,Low
416,Infrastructure Upgrade,195,Anvi Jayaraman,2023-12-28,2025-10-14,On Hold,"Dey, Sani And Gole",332509,9,103,"Azure, Aws",Mira-Bhayandar,125,9,Delayed Delivery,2,High
419,Data Migration,769,Tiya Chaudry,2023-08-26,2024-11-23,Ongoing,"Chaudhry, Samra And Dash",447990,16,109,"Azure, Python",Ujjain,86,4,Unknown,5,Low
423,Infrastructure Upgrade,251,Ehsaan Som,2024-06-22,2025-06-16,Ongoing,"Kanda, Lal And Krishnamurthy",413567,8,102,"Python, React",Suryapet,52,4,Delayed Delivery,9,Medium
433,Web Application Revamp,831,Indrans Reddy,2023-02-27,2025-07-01,Completed,"Kamdar, Gandhi And Balan",347543,20,100,"Flutter, Node.Js",Mathura,128,7,Unknown,4,Medium
435,Mobile App Development,320,Bhamini Sule,2024-03-09,2025-01-17,Ongoing,"Suresh, Wali And Kale",445871,18,107,"Sql, Python",Bhalswa Jahangir Pur,121,1,Unknown,9,Low
449,Infrastructure Upgrade,430,Jiya Dave,2023-12-28,2025-09-12,On Hold,"Kar, Krishnan And Bhasin",421708,9,106,"Flutter, Sql",Kumbakonam,172,9,Unknown,6,High
452,Mobile App Development,871,Vihaan Vig,2024-11-09,2025-10-29,On Hold,"Wali, Shere And Kumar",151287,20,105,"Azure, Python",Bhimavaram,88,1,Resource Issues,5,Low
453,Mobile App Development,341,Raghav Sastry,2024-02-01,2025-01-10,On Hold,Din Ltd,438730,19,103,"Azure, Node.Js",Akola,191,4,Resource Issues,3,High
460,Infrastructure Upgrade,563,Zoya Badal,2023-12-15,2025-01-29,Completed,Shetty Inc,358455,7,107,"Azure, React",Bangalore,171,7,Resource Issues,7,Medium
472,Data Migration,627,Shaan Varkey,2024-04-02,2025-07-17,Ongoing,"Mander, Andra And Karan",485185,6,107,"Azure, Node.Js",Ulhasnagar,118,3,Delayed Delivery,5,Low
476,Data Migration,627,Shaan Varkey,2024-04-02,2025-07-17,Ongoing,"Mander, Andra And Karan",485185,2,109,"Azure, Node.Js",Ulhasnagar,113,7,Delayed Delivery,2,Medium
488,Mobile App Development,675,Aaina Bumb,2023-08-05,2025-06-01,Ongoing,Choudhry And Sons,423898,17,110,"Azure, Sql",Sambalpur,130,7,Resource Issues,4,Medium
494,Mobile App Development,235,Pranay Kakar,2022-12-15,2025-03-18,Ongoing,Raj Llc,375723,13,106,"React, Azure",Bhatpara,105,4,Delayed Delivery,7,High
495,Infrastructure Upgrade,246,Aradhya Varty,2024-08-26,2025-06-04,Ongoing,Chand Llc,346254,9,110,"Flutter, Node.Js",Shimla,73,2,Unknown,6,High
497,Mobile App Development,235,Pranay Kakar,2022-12-15,2025-03-18,Ongoing,Raj Llc,375723,11,110,"React, Azure",Bhatpara (Modified),106,3,Delayed Delivery,5,Medium
498,Mobile App Development,367,Saira Loyal,2024-04-28,2024-11-17,Ongoing,Wadhwa Group,340200,18,103,"Sql, Python",Ballia,75,6,Resource Issues,10,High
500,Data Migration,910,Dhanuk Thakkar,2023-09-17,2025-07-26,On Hold,"Ganesan, Sem And Manne",337227,12,101,"Aws, Flutter",Arrah,186,7,Delayed Delivery,7,Medium
501,Infrastructure Upgrade,367,Saira Loyal,2023-09-23,2025-07-20,Ongoing,Yohannan Plc,111757,9,101,"Node.Js, Azure",Loni,50,4,Resource Issues,4,Low
503,Data Migration,693,Vedika Ratti,2023-10-29,2025-08-26,Completed,Virk Inc,376390,20,108,"Flutter, Azure",Tirupati,76,8,Resource Issues,4,Medium
512,Mobile App Development,731,Yashvi Brahmbhatt,2024-03-09,2025-03-20,Ongoing,Shenoy-Savant,499901,18,104,"Python, Azure",Tiruvottiyur,125,5,Unknown,7,Medium
516,Mobile App Development,528,Rohan Anand,2023-03-12,2025-05-19,Ongoing,Sidhu-Wali,271591,12,104,"Flutter, Sql",Kakinada,159,9,Delayed Delivery,5,High
517,Web Application Revamp,911,Madhav Ben,2023-12-14,2025-07-02,Ongoing,Seth-Korpal,233433,5,105,"Aws, React",Jalna,88,6,Unknown,2,High
519,Infrastructure Upgrade,145,Nakul Bhatti,2024-07-07,2025-04-10,Ongoing,Bera Llc,489235,17,109,"Node.Js, Flutter",Udaipur,116,2,Resource Issues,8,High
526,Web Application Revamp,719,Vaibhav Devi,2024-03-16,2025-07-02,On Hold,Banik Plc,354858,19,108,"Azure, Flutter",Indore,185,8,Unknown,3,Low
530,Infrastructure Upgrade,909,Madhup Shere,2023-02-02,2025-07-02,Ongoing,Garg-Vyas,495718,18,105,"Sql, Node.Js",Bally,154,1,Resource Issues,1,High
533,Infrastructure Upgrade,909,Madhup Shere,2023-02-02,2025-07-02,Ongoing,Garg-Vyas,495721,19,106,"Sql, Node.Js",Bally,157,3,Resource Issues,5,High
533,Data Migration,513,Khushi Walla,2023-12-17,2025-09-18,On Hold,Soman-Sankaran,393571,7,110,"Node.Js, React",Kumbakonam,51,2,Unknown,5,Low
535,Data Migration,517,Mehul Shan,2023-04-12,2025-01-09,On Hold,Saraf And Sons,236927,7,104,"Python, Flutter",Bally,73,4,Resource Issues,1,Medium
542,Infrastructure Upgrade,541,Inaaya Sankar,2023-03-17,2025-10-29,On Hold,"Bahri, Dalal And Edwin",166924,19,101,"Python, Node.Js",Pali,66,8,Delayed Delivery,4,High
548,Web Application Revamp,929,Hridaan Master,2023-11-01,2025-01-07,Ongoing,Chopra Llc,156014,12,104,"Azure, Aws",Raipur,102,2,Resource Issues,3,High
551,Infrastructure Upgrade,728,Tanya Doctor,2022-12-18,2025-03-12,On Hold,Deshmukh-Saran,431202,10,107,"Flutter, Aws",Bhimavaram,127,4,Unknown,9,Medium
552,Mobile App Development,938,Indrajit Chander,2024-07-12,2025-04-25,Ongoing,"Deshmukh, Bandi And Khanna",351945,11,104,"Aws, Flutter",Adoni,92,7,Resource Issues,9,Low
557,Web Application Revamp,122,Anya Dhar,2023-11-26,2025-08-23,On Hold,Sahota-Chopra,314372,11,105,"React, Aws",Kirari Suleman Nagar,176,7,Delayed Delivery,3,High
559,Infrastructure Upgrade,753,Jayesh Bhatt,2023-04-16,2025-04-28,On Hold,"Tank, Ghose And Andra",497735,12,102,"Sql, Node.Js",Deoghar,163,7,Resource Issues,1,High
561,Mobile App Development,472,Aarav Tak,2023-05-02,2025-01-24,On Hold,"Krishnan, Tara And Tata",243624,6,109,"Sql, Python",Ambala,190,6,Unknown,6,Medium
571,Mobile App Development,155,Hrishita Kant,2023-07-29,2025-08-27,Completed,Sule-Jain,399094,9,100,"Flutter, Python",Rajkot,62,6,Delayed Delivery,2,Low
572,Mobile App Development,624,Riaan Kunda,2023-09-23,2025-10-02,On Hold,Hari Inc,363371,17,108,"Azure, Node.Js",Uluberia,50,9,Resource Issues,2,High
578,Mobile App Development,515,Farhan Walla,2023-07-30,2025-09-27,Ongoing,Dubey-Dey,412155,12,106,"Flutter, Python",Deoghar,104,6,Unknown,1,High
585,Web Application Revamp,375,Aarna Arora,2024-01-05,2025-07-22,Completed,Sami Plc,320984,20,109,"Aws, React",Kadapa,160,8,Resource Issues,7,High
586,Mobile App Development,873,Sara Kumar,2022-12-16,2025-04-14,On Hold,Sen-Master,256013,17,102,"Azure, Aws",Morbi,135,7,Unknown,7,High
589,Mobile App Development,983,Badal Khanna,2022-12-05,2025-02-07,Ongoing,Sidhu Group,145142,8,102,"Sql, Python",Rampur,82,7,Unknown,10,High
594,Infrastructure Upgrade,675,Aaina Bumb,2022-12-05,2025-06-12,Completed,Sahota-Rege,439565,13,110,"Node.Js, Flutter",Jehanabad,125,10,Unknown,7,High
595,Data Migration,596,Keya Wali,2024-04-05,2025-06-15,Completed,Wali Ltd,208255,8,102,"Node.Js, Azure",Warangal,165,1,Resource Issues,1,Low
598,Web Application Revamp,150,Lagan Dubey,2023-01-18,2025-03-11,Ongoing,Rout-Rao,136400,10,105,"Flutter, Sql",Jehanabad,152,8,Resource Issues,4,High
598,Infrastructure Upgrade,717,Oorja Mahajan,2023-08-20,2025-04-07,Completed,Shan-Deshpande (Modified),494015,10,102,"Sql, Azure",Aurangabad,101,6,Unknown,6,Low
600,Web Application Revamp,717,Oorja Mahajan,2022-12-28,2025-03-09,On Hold,"Thakkar, Dey And Gala",105085,12,107,"Flutter, Python",Warangal,120,2,Resource Issues,1,High
603,Infrastructure Upgrade,717,Oorja Mahajan,2023-08-20,2025-04-07,Completed,Shan-Deshpande,494016,8,105,"Sql, Azure",Aurangabad,101,6,Unknown,2,Medium
619,Mobile App Development,869,Biju Sankaran,2024-08-13,2025-07-28,On Hold,Rajagopal And Sons,452955,19,108,"Flutter, React",Bardhaman,133,7,Resource Issues,4,High
624,Mobile App Development,457,Rhea Kothari,2023-04-08,2025-06-12,Ongoing,Rajagopalan-Agarwal,113352,9,109,"Node.Js, Python",Hindupur,134,4,Resource Issues,2,Medium
626,Mobile App Development,341,Raghav Sastry,2024-10-08,2025-08-26,Ongoing,"Sengupta, Sarraf And Kari",217790,12,103,"React, Flutter",Secunderabad,59,10,Delayed Delivery,7,Medium
631,Infrastructure Upgrade,262,Vaibhav Sidhu,2023-09-24,2025-02-13,Completed,Date Inc,164058,11,108,"React, Azure",Chandigarh (Modified),54,0,Delayed Delivery,2,Medium
632,Infrastructure Upgrade,262,Vaibhav Sidhu,2023-09-24,2025-02-13,Completed,Date Inc,164057,14,109,"React, Azure",Chandigarh,50,4,Delayed Delivery,9,Low
635,Mobile App Development,454,Ryan Tata,2024-04-20,2025-07-20,Ongoing,Guha Ltd,296632,19,103,"Sql, Python",Pune,174,10,Unknown,9,Low
640,Infrastructure Upgrade,624,Riaan Kunda,2024-06-30,2024-12-20,Ongoing,"Brahmbhatt, Bose And Dutta",423158,8,106,"Azure, Aws",Rohtak,124,7,Unknown,2,Low
641,Infrastructure Upgrade,693,Vedika Ratti,2024-09-14,2025-04-29,Completed,Khatri Llc,342385,6,106,"Python, Flutter",Davanagere,136,4,Resource Issues,5,Medium
643,Data Migration,719,Vaibhav Devi,2024-11-01,2025-03-22,Completed,Krishnamurthy Group,384488,11,102,"Flutter, Node.Js",Tadipatri,88,7,Delayed Delivery,1,Medium
650,Data Migration,152,Vaibhav Sathe,2024-06-24,2025-05-28,Ongoing,Varghese-Chaudhari,325108,20,108,"Aws, Python",Mira-Bhayandar,91,8,Unknown,5,Medium
655,Data Migration,422,Rhea Kala,2024-07-22,2025-08-16,Ongoing,Walia Group,321594,6,109,"Sql, Flutter",Ramgarh,51,6,Resource Issues,9,Low
656,Mobile App Development,826,Rasha Sama,2023-02-13,2025-06-26,Completed,Boase Plc,335473,12,106,"Python, Sql",Bihar Sharif,103,9,Resource Issues,2,High
657,Mobile App Development,367,Saira Loyal,2023-01-26,2025-06-19,Ongoing,Arora And Sons,160011,12,101,"Flutter, React",Navi Mumbai,143,7,Resource Issues,9,High
658,Mobile App Development,367,Saira Loyal,2023-01-26,2025-06-19,Ongoing,Arora And Sons,160016,13,104,"Flutter, React",Navi Mumbai,147,8,Resource Issues,3,Medium
664,Mobile App Development,578,Eva Sarraf,2023-07-07,2025-03-03,Completed,Andra-Sawhney,404145,5,110,"React, Flutter",Haldia,94,9,Delayed Delivery,1,High
677,Data Migration,855,Kartik Ganesan,2024-06-14,2025-08-09,Ongoing,Bahl Ltd,139433,5,110,"Flutter, Sql",Sambhal,64,7,Resource Issues,8,Medium
679,Web Application Revamp,111,Hiran Sidhu,2024-07-02,2025-02-03,On Hold,Dara Llc,233088,14,102,"Python, Sql",Salem,123,10,Resource Issues,10,Low
685,Mobile App Development,672,Anika Subramaniam,2023-02-17,2025-09-09,Completed,"Boase, Ganguly And Sathe",231255,18,107,"Sql, React",Bilaspur,93,8,Unknown,7,Low
693,Infrastructure Upgrade,309,Aarush Mandal,2024-04-23,2025-04-26,Completed,"Setty, Sodhi And Bhatia",313465,13,104,"Sql, Aws",Bally,133,6,Delayed Delivery,9,Medium
701,Data Migration,111,Hiran Sidhu,2023-11-07,2025-04-25,Ongoing,Loke Llc,498258,7,102,"Flutter, Aws",Dehradun,140,7,Delayed Delivery,5,Low
702,Web Application Revamp,986,Drishya Mane,2023-10-16,2024-11-22,Completed,"Taneja, Magar And Shere",452598,12,106,"Aws, Flutter",Anantapuram,69,5,Delayed Delivery,8,High
711,Web Application Revamp,264,Seher Hari,2023-11-27,2025-03-29,Ongoing,Chacko-Chatterjee,263347,12,105,"Python, Flutter",Rewa,141,3,Delayed Delivery,7,High
713,Infrastructure Upgrade,402,Elakshi Tailor,2023-01-12,2024-12-01,Ongoing,Jaggi-Sandal,158432,14,102,"Node.Js, React",Durg,188,10,Unknown,1,High
720,Mobile App Development,717,Oorja Mahajan,2024-09-09,2025-08-14,Completed,"Butala, Vohra And Subramanian",400689,9,107,"Sql, Aws",Tenali,154,4,Resource Issues,6,Low
723,Infrastructure Upgrade,122,Anya Dhar,2023-08-14,2024-11-17,Ongoing,Reddy-Barad,124054,11,104,"React, Python",Madhyamgram,88,9,Unknown,10,Low
726,Data Migration,593,Sara Sibal,2024-06-15,2025-09-04,On Hold,Wali Plc,205352,10,104,"Azure, React",Kottayam,89,5,Delayed Delivery,9,High
728,Mobile App Development,982,Ivana Tank,2024-05-29,2025-06-29,Ongoing,"Bandi, Raju And Bal",274751,19,109,"Aws, Sql",Belgaum,123,2,Unknown,1,Low
737,Web Application Revamp,674,Mishti Khosla,2023-05-08,2025-11-05,On Hold,Cherian-Rastogi,127105,5,110,"Azure, Flutter",Bihar Sharif,165,9,Unknown,2,Low
744,Mobile App Development,575,Neysa Sahota,2024-08-30,2024-12-26,Ongoing,"Rout, Chacko And Dhillon",327527,9,110,"Aws, React",Anand,105,9,Unknown,3,High
748,Data Migration (Modified),267,Kanav Dalal,2022-11-26,2025-01-02,Ongoing,Bakshi Group,323483,5,100,"Python, Flutter",Madurai,143,3,Delayed Delivery,4,Low
752,Mobile App Development,576,Bhavin Hari,2024-03-25,2025-09-15,On Hold,Dutt And Sons,274932,15,109,"React, Azure",Surat,53,7,Resource Issues,7,Low
753,Data Migration,267,Kanav Dalal,2022-11-26,2025-01-02,Ongoing,Bakshi Group,323485,6,105,"Python, Flutter",Madurai,140,6,Delayed Delivery,7,High
755,Web Application Revamp,723,Ishaan Arya,2023-04-20,2025-02-25,Ongoing,Koshy-Warrior,473942,17,110,"Aws, Node.Js",Jalna,80,5,Delayed Delivery,6,Medium
760,Data Migration,502,Sahil Srinivas,2024-06-04,2025-05-09,On Hold,Tank-Thakkar,443040,8,102,"React, Flutter",Madhyamgram,186,4,Delayed Delivery,3,High
772,Mobile App Development,981,Indranil Bandi,2024-06-11,2025-03-04,On Hold,Vohra-Barman,308533,12,103,"Azure, Aws",South Dumdum,165,6,Unknown,10,Medium
782,Web Application Revamp,558,Jhanvi Sidhu,2023-01-19,2025-04-22,Ongoing,"Kohli, Kumer And Hayer",335034,14,103,"React, Azure",Morena,195,4,Resource Issues,7,Low
783,Web Application Revamp,262,Vaibhav Sidhu,2023-04-17,2025-05-04,Ongoing,Shankar-Chowdhury,195864,15,107,"Python, Flutter",Udaipur,73,5,Delayed Delivery,7,Low
786,Web Application Revamp,434,Nitya Majumdar,2023-07-12,2025-07-16,Completed,Chauhan-Hegde,471654,15,108,"Python, Node.Js",Noida,92,7,Resource Issues,1,Medium
787,Infrastructure Upgrade,663,Advika Choudhary,2022-12-05,2024-11-27,Completed,Sarkar Llc,246511,12,103,"Azure, Python",Bhiwani,169,1,Resource Issues,10,High
793,Web Application Revamp,422,Rhea Kala,2023-11-07,2025-09-01,Ongoing,Walla Llc,254427,11,109,"Python, React",Visakhapatnam,130,8,Resource Issues,1,Medium
795,Mobile App Development,341,Raghav Sastry,2023-05-21,2025-07-19,On Hold,Kaul-Sekhon,413668,17,103,"Python, Node.Js",Akola,127,5,Resource Issues,5,Low
806,Infrastructure Upgrade,635,Raunak Sarin,2023-04-25,2025-10-07,Completed,Cheema Ltd,486353,11,112,"Azure, React",Jalgaon,65,11,Unknown,10,High
808,Infrastructure Upgrade,635,Raunak Sarin,2023-04-25,2025-10-07,Completed,Cheema Ltd,486358,10,108,"Azure, React",Jalgaon,61,9,Unknown,2,Low
812,Data Migration,502,Sahil Srinivas,2024-08-27,2025-03-31,Ongoing,Batra Ltd,460562,19,107,"Node.Js, Aws",Dharmavaram,70,10,Unknown,1,Low
813,Web Application Revamp,710,Nirvaan Luthra,2023-01-30,2025-08-30,On Hold,Borde Plc,475699,8,107,"Flutter, Python",Satara,108,2,Unknown,6,High
814,Mobile App Development,723,Ishaan Arya,2024-05-30,2024-11-24,On Hold,Saran And Sons,398281,14,109,"Aws, Sql",Asansol,144,2,Resource Issues,5,Medium
815,Infrastructure Upgrade,728,Tanya Doctor,2024-05-26,2025-07-03,Ongoing,"Kara, Kalita And Sha",425155,18,101,"React, Node.Js",Nanded,190,8,Delayed Delivery,3,Medium
819,Infrastructure Upgrade,801,Romil Mann,2022-12-06,2025-09-17,Ongoing,"Salvi, Walia And Khosla",180830,19,105,"Python, React",Tiruchirappalli,153,10,Resource Issues,9,Medium
827,Mobile App Development,897,Ishita Edwin,2023-03-25,2024-12-21,On Hold,"Savant, Sarin And Choudhury",220669,13,107,"Python, React",Shimoga,177,7,Resource Issues,10,Medium
835,Web Application Revamp,752,Nishith Deshpande,2023-02-22,2024-11-19,Ongoing,Raju-Karpe,268175,14,100,"Flutter, Sql",Dindigul,84,2,Delayed Delivery,2,High
839,Web Application Revamp,797,Pihu Hari,2024-08-09,2025-10-22,On Hold,Chopra Llc,381657,17,102,"React, Flutter",Sikar,130,10,Unknown,5,Low
843,Mobile App Development,990,Hansh Das,2024-06-13,2025-02-06,On Hold,"Lall, Raju And Buch",376136,11,100,"Python, Aws",Hospet,155,3,Resource Issues,5,Medium
844,Infrastructure Upgrade,686,Akarsh Chada,2023-10-05,2025-09-17,Ongoing,Korpal-Sridhar,263628,19,101,"Python, Node.Js",Purnia,96,9,Unknown,1,Low
845,Infrastructure Upgrade,942,Rasha Boase,2023-01-23,2025-02-15,Ongoing,"Varkey, Sundaram And Dora",422254,11,104,"Flutter, Python",Ichalkaranji,69,9,Unknown,8,High
850,Infrastructure Upgrade,942,Rasha Boase,2023-01-23,2025-02-15,Ongoing,"Varkey, Sundaram And Dora",422257,12,106,"Flutter, Python",Ichalkaranji,73,5,Unknown,6,Medium
858,Web Application Revamp,515,Farhan Walla,2023-10-28,2025-04-29,On Hold,Krishnamurthy-Gokhale,329804,8,103,"Aws, Azure",Bijapur,131,9,Unknown,10,High
860,Infrastructure Upgrade,941,Trisha Kalita,2024-01-06,2025-11-02,Completed,Shan-Kaur,139289,8,103,"Python, Sql",Katihar,125,9,Resource Issues,8,Low
861,Web Application Revamp,100,Manikya Lall,2024-04-30,2025-05-20,Ongoing,Tella Plc,155466,9,106,"Python, Sql",Guwahati,186,3,Resource Issues,8,High
867,Infrastructure Upgrade,233,Vanya Saha,2023-06-14,2025-01-03,On Hold,Thaker-Madan,408639,8,109,"React, Sql",Morena,200,8,Delayed Delivery,8,High
869,Mobile App Development,856,Divit Wadhwa,2024-01-29,2025-05-31,Ongoing,"Sarkar, Chaudhari And Issac",473200,12,109,"Aws, Azure",Thanjavur,157,5,Delayed Delivery,3,Low
872,Infrastructure Upgrade,565,Vihaan Ganguly,2023-04-15,2025-08-26,On Hold,Mangal-Bakshi,410928,14,107,"Sql, Flutter",Bhind,63,9,Resource Issues,7,High
880,Mobile App Development,872,Kismat Goswami,2023-08-31,2024-12-31,On Hold,Bhasin And Sons,265120,6,108,"Flutter, React",Pimpri-Chinchwad,110,5,Delayed Delivery,8,High
881,Data Migration,108,Saanvi Sood,2024-09-22,2025-03-04,Ongoing,Subramanian Inc,131212,10,103,"Flutter, React",Deoghar,92,1,Resource Issues,3,Low
884,Data Migration,108,Saanvi Sood,2024-09-22,2025-03-04,Ongoing,Subramanian Inc,131209,7,103,"Flutter, React",Deoghar,91,3,Resource Issues,2,Medium
889,Web Application Revamp,624,Riaan Kunda,2024-01-13,2025-05-12,On Hold,Master-Singh,136976,20,102,"Flutter, Sql",Coimbatore,60,4,Resource Issues,2,Medium
890,Infrastructure Upgrade,569,Yashvi Ramakrishnan,2024-07-18,2025-06-30,On Hold,Deshmukh Inc,380238,13,109,"Azure, React",Sonipat,82,4,Delayed Delivery,9,High
894,Infrastructure Upgrade,132,Mohanlal Kumar,2023-03-21,2025-06-07,On Hold,Krishnamurthy Inc,146808,11,102,"Flutter, Node.Js",Nadiad,72,5,Unknown,2,Medium
901,Infrastructure Upgrade,231,Aarush Bhasin,2024-03-24,2025-08-02,Completed,"Barad, Bhakta And Hari",153357,8,109,"Node.Js, Azure",Latur,155,5,Resource Issues,7,Low
902,Data Migration,794,Charvi Mander,2023-09-20,2025-03-27,On Hold,"Vohra, Dhawan And Apte",315452,17,110,"Flutter, Node.Js",Gurgaon,170,2,Unknown,9,High
903,Web Application Revamp,661,Advika Choudhary,2023-08-03,2025-07-30,On Hold,Lala Ltd,435302,20,100,"Aws, React",Bidar,182,6,Unknown,7,Low
923,Web Application Revamp,520,Krish Varughese,2023-06-27,2025-01-05,On Hold,Deshpande Inc,439215,20,106,"Sql, Python",Khammam,99,3,Resource Issues,1,High
941,Web Application Revamp,636,Alia Hayre,2024-07-29,2025-10-25,On Hold,"Yadav, Venkatesh And Kumer",189495,9,105,"Sql, Aws",Ozhukarai,84,2,Unknown,6,High
948,Mobile App Development,250,Armaan Baria,2024-03-10,2025-01-17,Completed,Kale-Kalla,151512,12,108,"Node.Js, React",Chapra,77,8,Unknown,10,Low
954,Web Application Revamp,229,Yasmin Varughese,2024-01-10,2025-08-25,On Hold,Golla Plc,155145,18,102,"React, Azure",Kamarhati,140,9,Delayed Delivery,9,Low
961,Mobile App Development,891,Samaira Taneja,2024-10-17,2025-07-22,Ongoing,"Sood, Behl And Soni (Modified)",267644,12,104,"Python, Aws",Delhi,184,13,Delayed Delivery,4,Medium
961,Web Application Revamp,142,Lavanya Kari,2024-06-17,2025-06-24,Ongoing,Kalla-Singh,127638,10,110,"Azure, Sql",Pondicherry,188,5,Unknown,5,High
963,Mobile App Development,891,Samaira Taneja,2024-10-17,2025-07-22,Ongoing,"Sood, Behl And Soni",267648,15,109,"Python, Aws",Delhi,188,9,Delayed Delivery,10,Medium
969,Infrastructure Upgrade,324,Madhav Shankar,2024-08-09,2024-12-06,Ongoing,Gandhi-Suresh,455698,20,100,"React, Python",Thoothukudi,111,4,Unknown,10,High
972,Web Application Revamp,778,Shray Chauhan,2023-02-06,2025-07-22,On Hold,Sood And Sons,496832,20,105,"React, Azure",Saharsa,168,3,Delayed Delivery,9,Medium
979,Data Migration,659,Shamik Wali,2023-01-21,2025-03-15,Ongoing,Yadav-Sachar,286128,6,107,"Node.Js, Sql",Baranagar,127,5,Delayed Delivery,7,High
980,Data Migration,472,Aarav Tak,2024-02-01,2025-05-09,On Hold,"Bose, Savant And Mall",340897,18,100,"Sql, Node.Js",Bhimavaram,177,7,Delayed Delivery,6,Medium
983,Web Application Revamp,367,Saira Loyal,2024-04-25,2025-02-24,Completed,Deep-Rout,163761,9,108,"Sql, React",New Delhi,80,5,Unknown,7,Low
992,Web Application Revamp,593,Sara Sibal,2023-05-29,2025-07-06,On Hold,"Krishnamurthy, Issac And Bir",193895,12,104,"Node.Js, Python",Anantapur,193,3,Delayed Delivery,10,Medium
996,Web Application Revamp,471,Stuvan Dixit,2023-05-05,2025-02-27,Ongoing,Doctor-Upadhyay,396534,15,110,"Node.Js, Flutter",Avadi,136,1,Unknown,2,Low
